rank,country,population,pct_world,date
1,India,1438069596,17.9,2023年
2,China,1410710000,17.6,2023年
3,United States,336755052,4.2,2023年
4,Indonesia,281190067,,2023年
5,Pakistan,247504495,3.1,2023年
6,Nigeria,227882945,2.8,2023年
7,Brazil,211140729,2.6,2023年
8,Bangladesh,171466990,2.1,2023年
9,Russian Federation,143826130,1.8,2023年
10,Mexico,129739759,1.6,2023年
11,Ethiopia,128691692,1.6,2023年
12,Japan,124516650,1.5,2023年
13,Philippines,114891199,1.4,2023年
14,"Egypt, Arab Rep.",114535772,1.4,2023年
15,"Congo, Dem. Rep.",105789731,1.3,2023年
16,Viet Nam,100352192,1.2,2023年
17,"Iran, Islamic Rep.",90608707,1.1,2023年
18,Turkiye,85325965,1.1,2023年
19,Germany,83287273,1,2023年
20,Thailand,71702435,0.9,2023年
21,United Kingdom,68526000,0.9,2023年
22,France,68372286,0.9,2023年
23,Tanzania,66617606,0.8,2023年
24,South Africa,63212384,0.8,2023年
25,Italy,58984216,0.7,2023年
26,Kenya,55339003,0.7,2023年
27,Myanmar,54133798,0.7,2023年
28,Colombia,52321152,0.7,2023年
29,"Korea, Rep.",51712619,0.6,2023年
30,Sudan,50042791,0.6,2023年
31,Uganda,48656601,0.6,2023年
32,Spain,48352528,0.6,2023年
33,Algeria,46164219,0.6,2023年
34,Argentina,45538401,0.6,2023年
35,Iraq,45074049,0.6,2023年
36,Afghanistan,41454761,0.5,2023年
37,Canada,40049088,0.5,2023年
38,"Yemen, Rep.",39390799,0.5,2023年
39,Ukraine,37732836,0.5,2023年
40,Morocco,37712505,0.5,2023年
41,Angola,36749906,0.5,2023年
42,Poland,36687353,0.5,2023年
43,Uzbekistan,35652307,0.4,2023年
44,Malaysia,35126298,0.4,2023年
45,Peru,33845617,0.4,2023年
46,Ghana,33787914,0.4,2023年
47,Saudi Arabia,33702731,0.4,2023年
48,Mozambique,33635160,0.4,2023年
49,Madagascar,31195932,0.4,2023年
50,Cote d'Ivoire,31165654,0.4,2023年
51,Nepal,29694614,0.4,2023年
52,Cameroon,28372687,0.4,2023年
53,"Venezuela, RB",28300854,0.4,2023年
54,Australia,26659922,0.3,2023年
55,"Korea, Dem. People's Rep.",26418204,0.3,2023年
56,Niger,26159867,0.3,2023年
57,Mali,23769127,0.3,2023年
58,Syrian Arab Republic,23594623,,2023年
59,Burkina Faso,23025776,0.3,2023年
60,Sri Lanka,22037000,0.3,2023年
61,Malawi,21104482,0.3,2023年
62,Zambia,20723965,0.3,2023年
63,Kazakhstan,20330104,0.3,2023年
64,Chile,19658835,0.2,2023年
65,Chad,19319064,0.2,2023年
66,Romania,19061062,0.2,2023年
67,"Somalia, Fed. Rep.",18358615,0.2,2023年
68,Guatemala,18124838,0.2,2023年
69,Senegal,18077573,0.2,2023年
70,Ecuador,17980083,0.2,2023年
71,Netherlands,17877117,0.2,2023年
72,Cambodia,17423880,0.2,2023年
73,Zimbabwe,16340822,0.2,2023年
74,Guinea,14405468,0.2,2023年
75,Benin,14111034,0.2,2023年
76,Rwanda,13954471,0.2,2023年
77,Burundi,13689450,0.2,2023年
78,Bolivia,12244159,0.2,2023年
79,Tunisia,12200431,0.2,2023年
80,Belgium,11779946,0.1,2023年
81,Haiti,11637398,0.1,2023年
82,South Sudan,11483374,0.1,2023年
83,Jordan,11439213,0.1,2023年
84,Dominican Republic,11331265,0.1,2023年
85,Cuba,11019931,0.1,2023年
86,Czechia,10864042,0.1,2023年
87,Honduras,10644851,0.1,2023年
88,Portugal,10578174,0.1,2023年
89,Sweden,10536632,0.1,2023年
90,United Arab Emirates,10483751,0.1,2023年
91,Greece,10407351,0.1,2023年
92,Tajikistan,10389799,0.1,2023年
93,Papua New Guinea,10389635,0.1,2023年
94,Azerbaijan,10153958,0.1,2023年
95,Israel,9849000,0.1,2023年
96,Hungary,9592186,0.1,2023年
97,Belarus,9178298,0.1,2023年
98,Austria,9131761,0.1,2023年
99,Switzerland,8888822,0.1,2023年
100,Sierra Leone,8460512,0.1,2023年
101,Togo,8223850,0.1,2023年
102,Lao PDR,7664993,0.1,2023年
103,"Hong Kong SAR, China",7536100,0.1,2023年
104,Turkmenistan,7364438,0.1,2023年
105,Libya,7305659,0.1,2023年
106,Kyrgyz Republic,7099750,0.1,2023年
107,Paraguay,6844146,0.1,2023年
108,Nicaragua,6823613,0.1,2023年
109,Serbia,6623183,0.1,2023年
110,Bulgaria,6446596,0.1,2023年
111,El Salvador,6309624,0.1,2023年
112,"Congo, Rep.",6182885,0.1,2023年
113,Denmark,,,2023年
114,Singapore,5917648,0.1,2023年
115,Lebanon,5773493,0.1,2023年
116,Finland,5583911,0.1,2023年
117,Norway,5519601,0.1,2023年
118,Liberia,5493031,0.1,2023年
119,Slovak Republic,5426740,0.1,2023年
120,Ireland,5311538,0.1,2023年
121,New Zealand,5200000,0.1,2023年
122,West Bank and Gaza,5165775,0.1,2023年
123,Central African Republic,5152421,0.1,2023年
124,Costa Rica,5105525,0.1,2023年
125,Oman,5049269,0.1,2023年
126,Mauritania,5022441,0.1,2023年
127,Kuwait,4853420,0.1,2023年
128,Panama,4458759,0.1,2023年
129,Croatia,3859686,0,2023年
130,Georgia,3715483,0,2023年
131,Mongolia,3481145,0,2023年
132,Eritrea,3470390,0,2023年
133,Uruguay,3388081,0,2023年
134,Puerto Rico (US),3203794,0,2023年
135,Bosnia and Herzegovina,3185073,0,2023年
136,Armenia,2964300,0,2023年
137,Namibia,2963095,0,2023年
138,Lithuania,2871585,0,2023年
139,Jamaica,2839786,0,2023年
140,"Gambia, The",2697845,0,2023年
141,Qatar,2656032,0,2023年
142,Gabon,2484789,0,2023年
143,Botswana,2480244,0,2023年
144,Moldova,2457783,0,2023年
145,Albania,2411658,0,2023年
146,Lesotho,2311472,0,2023年
147,Guinea-Bissau,2153339,0,2023年
148,Slovenia,2120461,0,2023年
149,Latvia,1883710,0,2023年
150,Equatorial Guinea,1847549,0,2023年
151,North Macedonia,1827816,0,2023年
152,Bahrain,1577059,0,2023年
153,Timor-Leste,1384286,0,2023年
154,Estonia,1370286,0,2023年
155,Trinidad and Tobago,1367510,0,2023年
156,Cyprus,1344976,0,2023年
157,Mauritius,1248647,0,2023年
158,Eswatini,1230506,0,2023年
159,Djibouti,1152944,0,2023年
160,Fiji,924145,0,2023年
161,Comoros,850387,0,2023年
162,Guyana,826353,0,2023年
163,Solomon Islands,800005,0,2023年
164,Bhutan,786385,0,2023年
165,"Macao SAR, China",678800,0,2023年
166,Luxembourg,666430,0,2023年
167,Suriname,628886,0,2023年
168,Montenegro,623529,0,2023年
169,Malta,552747,0,2023年
170,Maldives,525994,0,2023年
171,Cabo Verde,522331,0,2023年
172,Brunei Darussalam,458949,0,2023年
173,Belize,411106,0,2023年
174,"Bahamas, The",399440,0,2023年
175,Iceland,385663,0,2023年
176,Vanuatu,320409,0,2023年
177,New Caledonia,289870,0,2023年
178,Barbados,282336,0,2023年
179,French Polynesia,281118,0,2023年
180,Sao Tome and Principe,230871,0,2023年
181,Samoa,216663,0,2023年
182,St. Lucia,179285,0,2023年
183,Guam,166506,0,2023年
184,Curacao,154654,0,2023年
185,Kiribati,132530,0,2023年
186,Seychelles,119773,0,2023年
187,Grenada,117081,0,2023年
188,"Micronesia, Fed. Sts.",112630,0,2023年
189,Aruba,107359,0,2023年
190,Virgin Islands (U.S.),104917,0,2023年
191,Tonga,104597,0,2023年
192,St. Vincent and the Grenadines,101323,0,2023年
193,Antigua and Barbuda,93316,0,2023年
194,Isle of Man,84165,0,2023年
195,Andorra,80856,0,2023年
196,Cayman Islands,73038,0,2023年
197,Dominica,66510,0,2023年
198,Bermuda,64698,0,2023年
199,Greenland,56865,0,2023年
200,Faroe Islands,54398,0,2023年
201,American Samoa,47521,0,2023年
202,St. Kitts and Nevis,46758,0,2023年
203,Turks and Caicos Islands,46198,0,2023年
204,Northern Mariana Islands,45143,0,2023年
205,Sint Maarten (Dutch part),42749,0,2023年
206,Liechtenstein,39846,0,2023年
207,British Virgin Islands,38985,0,2023年
208,Monaco,38956,0,2023年
209,Marshall Islands,38827,0,2023年
210,Gibraltar,38471,0,2023年
211,San Marino,33860,0,2023年
212,St. Martin (French part),27515,0,2023年
213,Palau,17727,0,2023年
214,Naoero,11875,0,2023年
215,Tuvalu,9816,0,2023年
